master_arm,wow,alt_m,release_req,req_kind,jettison_req,maint_reset,present1,id1,present2,id2,present3,id3,present4,id4
false,true,0,false,MedKit,false,false,true,1,true,1,true,3,true,3
false,false,5,false,MedKit,false,false,true,1,true,1,true,3,true,3
true,false,5,false,MedKit,false,false,true,1,true,1,true,3,true,3
true,false,20,false,MedKit,false,false,true,1,true,1,true,3,true,3
true,false,20,true,MedKit,false,false,true,1,true,1,true,3,true,3
true,false,20,true,MedKit,false,false,true,1,true,1,true,3,true,3
true,false,20,false,MedKit,false,false,true,1,true,1,true,3,true,3
true,false,20,false,MedKit,false,false,false,0,true,1,true,3,true,3
true,false,20,false,MedKit,false,false,false,0,true,1,true,3,true,3
true,false,20,false,MedKit,false,false,false,0,true,1,true,3,true,3
true,false,20,true,MedKit,false,false,false,0,true,1,true,3,true,3
true,false,20,false,MedKit,false,false,false,0,true,1,true,3,true,3
true,false,20,false,WaterPack,false,false,false,0,true,1,true,3,true,3
true,false,20,true,WaterPack,false,false,false,0,true,1,true,3,true,3
true,false,20,false,WaterPack,false,false,false,0,true,1,true,3,true,3
true,false,20,false,WaterPack,false,false,false,0,true,1,true,3,false,0
true,false,20,false,WaterPack,false,false,false,0,true,1,true,3,false,0
true,false,20,false,WaterPack,false,false,false,0,true,1,true,3,false,0
true,false,20,false,WaterPack,false,false,false,0,true,1,true,3,false,0
true,false,20,false,MedKit,false,false,false,0,true,1,true,3,false,0
true,false,20,true,MedKit,false,false,false,0,true,1,true,3,false,0
true,false,20,false,WaterPack,false,false,false,0,true,1,true,3,false,0
true,false,20,true,WaterPack,false,false,false,0,true,1,true,3,false,0
true,false,20,false,WaterPack,false,false,false,0,true,1,true,3,false,0
true,false,20,false,WaterPack,false,false,false,0,true,1,false,0,false,0
true,false,20,false,WaterPack,false,false,false,0,true,1,false,0,false,0
true,false,20,false,WaterPack,false,false,false,0,true,1,false,0,false,0
true,false,20,false,WaterPack,false,false,false,0,true,1,false,0,false,0
true,false,20,false,MedKit,false,false,false,0,true,1,false,0,false,0
true,false,20,true,MedKit,false,false,false,0,true,1,false,0,false,0
true,false,20,false,MedKit,false,false,false,0,true,1,false,0,false,0
true,false,20,false,MedKit,false,false,false,0,false,0,false,0,false,0
true,false,20,false,MedKit,false,false,false,0,false,0,false,0,false,0
true,false,20,false,MedKit,false,false,false,0,false,0,false,0,false,0
true,false,20,false,MedKit,false,false,false,0,false,0,false,0,false,0
true,false,20,true,SensorPod,false,false,false,0,false,0,false,0,false,0
true,false,20,false,SensorPod,false,false,false,0,false,0,false,0,false,0
false,false,20,false,SensorPod,false,false,false,0,false,0,false,0,false,0
