cycle,master_arm,wow,alt_m,release_req,req_kind,jettison_req,maint_reset,present1,id1,present2,id2,present3,id3,present4,id4,m1,m2,m3,m4,was_hung1,was_hung2,was_hung3,was_hung4,hung1,hung2,hung3,hung4,found,have_kind,ready_ok,alt_ok,fault_any,rel_edge,jet_edge,fire_req,__act_Inhibit_b1,__act_Inhibit_n1,__act_Inhibit_b2,__act_Inhibit_n2,__act_Inhibit_b3,__act_Inhibit_n3,__act_Inhibit_b4,__act_Inhibit_n4,__act_Inhibit_b5,__act_Inhibit_n5,__act_Inhibit_b6,__act_Inhibit_g2,__act_Inhibit_g3,__act_Inhibit_g4,__act_Inhibit_g5,__act_Inhibit_g6,__act_Inhibit_x1_inhibit,__act_Inhibit_x2_inhibit,__act_Inhibit_x3_inhibit,__act_Inhibit_x4_inhibit,__act_Inhibit_x5_inhibit,__act_Inhibit_x6_inhibit,__act_Inhibit_xe_inhibit,kind1,kind2,kind3,kind4,status1,status2,status3,status4,total_mass,roll,pitch,balanced,next1,next2,next3,next4,fire1,fire2,fire3,fire4,phase,inhibit,active_mode,violations
0,false,true,0,true,MedKit,false,false,true,1,true,1,true,3,true,3,1200,1200,1500,1500,false,false,false,false,false,false,false,false,true,true,false,false,false,true,false,false,true,false,false,false,false,false,false,false,false,false,false,false,false,false,false,false,NotArmed,Clear,Clear,Clear,Clear,Clear,Clear,MedKit,MedKit,WaterPack,WaterPack,Loaded,Loaded,Loaded,Loaded,5400,0,-90000,true,true,false,false,false,false,false,false,false,PhSafe,NotArmed,Grounded,<none>
1,false,true,0,false,MedKit,false,false,true,1,true,1,true,3,true,3,1200,1200,1500,1500,false,false,false,false,false,false,false,false,true,true,false,false,false,false,false,false,true,false,false,false,false,false,false,false,false,false,false,false,false,false,false,false,NotArmed,Clear,Clear,Clear,Clear,Clear,Clear,MedKit,MedKit,WaterPack,WaterPack,Loaded,Loaded,Loaded,Loaded,5400,0,-90000,true,true,false,false,false,false,false,false,false,PhSafe,NotArmed,Grounded,<none>
2,true,true,0,false,MedKit,false,false,true,1,true,1,true,3,true,3,1200,1200,1500,1500,false,false,false,false,false,false,false,false,true,true,false,false,false,false,false,false,false,true,true,false,false,false,false,false,false,false,false,true,false,false,false,false,NotArmed,OnGround,Clear,Clear,Clear,Clear,Clear,MedKit,MedKit,WaterPack,WaterPack,Loaded,Loaded,Loaded,Loaded,5400,0,-90000,true,true,false,false,false,false,false,false,false,PhSafe,OnGround,Grounded,<none>
3,true,true,0,true,MedKit,false,false,true,1,true,1,true,3,true,3,1200,1200,1500,1500,false,false,false,false,false,false,false,false,true,true,false,false,false,true,false,false,false,true,true,false,false,false,false,false,false,false,false,true,false,false,false,false,NotArmed,OnGround,Clear,Clear,Clear,Clear,Clear,MedKit,MedKit,WaterPack,WaterPack,Loaded,Loaded,Loaded,Loaded,5400,0,-90000,true,true,false,false,false,false,false,false,false,PhSafe,OnGround,Grounded,<none>
4,true,false,8,false,MedKit,false,false,true,1,true,1,true,3,true,3,1200,1200,1500,1500,false,false,false,false,false,false,false,false,true,true,true,false,false,false,false,false,false,true,false,true,false,true,true,false,false,false,false,false,false,true,false,false,NotArmed,OnGround,Clear,LowAltitude,Clear,Clear,Clear,MedKit,MedKit,WaterPack,WaterPack,Loaded,Loaded,Loaded,Loaded,5400,0,-90000,true,true,false,false,false,false,false,false,false,PhSafe,LowAltitude,ArmedAirborne,<none>
5,true,false,8,true,MedKit,false,false,true,1,true,1,true,3,true,3,1200,1200,1500,1500,false,false,false,false,false,false,false,false,true,true,true,false,false,true,false,false,false,true,false,true,false,true,true,false,false,false,false,false,false,true,false,false,NotArmed,OnGround,Clear,LowAltitude,Clear,Clear,Clear,MedKit,MedKit,WaterPack,WaterPack,Loaded,Loaded,Loaded,Loaded,5400,0,-90000,true,true,false,false,false,false,false,false,false,PhReady,LowAltitude,ArmedAirborne,<none>
6,true,false,8,false,MedKit,false,false,true,1,true,1,true,3,true,3,1200,1200,1500,1500,false,false,false,false,false,false,false,false,true,true,true,false,false,false,false,false,false,true,false,true,false,true,true,false,false,false,false,false,false,true,false,false,NotArmed,OnGround,Clear,LowAltitude,Clear,Clear,Clear,MedKit,MedKit,WaterPack,WaterPack,Loaded,Loaded,Loaded,Loaded,5400,0,-90000,true,true,false,false,false,false,false,false,false,PhReady,LowAltitude,ArmedAirborne,<none>
7,true,false,30,false,MedKit,false,false,true,1,true,1,true,3,true,3,1200,1200,1500,1500,false,false,false,false,false,false,false,false,true,true,true,true,false,false,false,false,false,true,false,true,false,true,false,true,false,true,false,false,false,false,false,false,NotArmed,OnGround,Clear,LowAltitude,Clear,Clear,Clear,MedKit,MedKit,WaterPack,WaterPack,Loaded,Loaded,Loaded,Loaded,5400,0,-90000,true,true,false,false,false,false,false,false,false,PhReady,Clear,ArmedAirborne,<none>
8,true,false,30,false,MedKit,false,false,true,1,true,1,true,3,false,3,1200,1200,1500,0,false,false,false,false,false,false,false,false,true,true,true,true,true,false,false,false,false,true,false,true,true,false,false,false,false,false,false,false,true,false,false,false,NotArmed,OnGround,StationFault,LowAltitude,Clear,Clear,Clear,MedKit,MedKit,WaterPack,WaterPack,Loaded,Loaded,Loaded,Mismatch,3900,-300000,135000,false,true,false,false,false,false,false,false,false,PhReady,StationFault,ArmedAirborne,<none>
9,true,false,30,true,MedKit,false,false,true,1,true,1,true,3,false,3,1200,1200,1500,0,false,false,false,false,false,false,false,false,true,true,true,true,true,true,false,false,false,true,false,true,true,false,false,false,false,false,false,false,true,false,false,false,NotArmed,OnGround,StationFault,LowAltitude,Clear,Clear,Clear,MedKit,MedKit,WaterPack,WaterPack,Loaded,Loaded,Loaded,Mismatch,3900,-300000,135000,false,true,false,false,false,false,false,false,false,PhReady,StationFault,ArmedAirborne,<none>
10,true,false,30,false,MedKit,false,false,true,1,true,1,true,3,true,3,1200,1200,1500,1500,false,false,false,false,false,false,false,false,true,true,true,true,false,false,false,false,false,true,false,true,false,true,false,true,false,true,false,false,false,false,false,false,NotArmed,OnGround,StationFault,LowAltitude,Clear,Clear,Clear,MedKit,MedKit,WaterPack,WaterPack,Loaded,Loaded,Loaded,Loaded,5400,0,-90000,true,true,false,false,false,false,false,false,false,PhReady,Clear,ArmedAirborne,<none>
11,true,false,30,true,MedKit,false,false,true,1,true,1,true,3,true,3,1200,1200,1500,1500,false,false,false,false,false,false,false,false,true,true,true,true,false,true,false,true,false,true,false,true,false,true,false,true,false,true,false,false,false,false,false,false,NotArmed,OnGround,StationFault,LowAltitude,Clear,Clear,Clear,MedKit,MedKit,WaterPack,WaterPack,Loaded,Loaded,Loaded,Loaded,5400,0,-90000,true,true,false,false,false,false,false,false,false,PhReady,Clear,ArmedAirborne,<none>
12,true,false,30,false,MedKit,false,false,true,1,true,1,true,3,true,3,1200,1200,1500,1500,false,false,false,false,false,false,false,false,true,true,true,true,false,false,false,false,false,true,false,true,false,true,false,true,false,true,false,false,false,false,false,false,NotArmed,OnGround,StationFault,LowAltitude,Clear,Clear,Clear,MedKit,MedKit,WaterPack,WaterPack,Loaded,Loaded,Loaded,Loaded,5400,0,-90000,true,true,false,false,false,true,false,false,false,PhFiring,Clear,ArmedAirborne,<none>
13,false,false,30,false,MedKit,false,false,true,1,true,1,true,3,true,3,1200,1200,1500,1500,false,false,false,false,false,false,false,false,true,true,false,true,false,false,false,false,true,false,false,false,false,false,false,false,false,false,false,false,false,false,false,false,NotArmed,OnGround,StationFault,LowAltitude,Clear,Clear,Clear,MedKit,MedKit,WaterPack,WaterPack,Loaded,Loaded,Loaded,Loaded,5400,0,-90000,true,true,false,false,false,false,false,false,false,PhFiring,NotArmed,Disarmed,<none>
14,false,false,30,false,MedKit,false,false,true,1,true,1,true,3,true,3,1200,1200,1500,1500,false,false,false,false,false,false,false,false,true,true,false,true,false,false,false,false,true,false,false,false,false,false,false,false,false,false,false,false,false,false,false,false,NotArmed,OnGround,StationFault,LowAltitude,Clear,Clear,Clear,MedKit,MedKit,WaterPack,WaterPack,Loaded,Loaded,Loaded,Loaded,5400,0,-90000,true,true,false,false,false,false,false,false,false,PhSafe,NotArmed,Disarmed,<none>
15,true,false,30,false,MedKit,false,false,true,1,true,1,true,3,true,3,1200,1200,1500,1500,false,false,false,false,false,false,false,false,true,true,true,true,false,false,false,false,false,true,false,true,false,true,false,true,false,true,false,false,false,false,false,false,NotArmed,OnGround,StationFault,LowAltitude,Clear,Clear,Clear,MedKit,MedKit,WaterPack,WaterPack,Loaded,Loaded,Loaded,Loaded,5400,0,-90000,true,true,false,false,false,false,false,false,false,PhSafe,Clear,ArmedAirborne,<none>
16,true,false,30,false,MedKit,false,false,true,1,true,1,true,3,true,3,1200,1200,1500,1500,false,false,false,false,false,false,false,false,true,true,true,true,false,false,false,false,false,true,false,true,false,true,false,true,false,true,false,false,false,false,false,false,NotArmed,OnGround,StationFault,LowAltitude,Clear,Clear,Clear,MedKit,MedKit,WaterPack,WaterPack,Loaded,Loaded,Loaded,Loaded,5400,0,-90000,true,true,false,false,false,false,false,false,false,PhReady,Clear,ArmedAirborne,<none>
17,true,false,30,false,MedKit,false,false,true,1,true,1,true,3,true,3,1200,1200,1500,1500,false,false,false,false,false,false,false,false,true,true,true,true,false,false,false,false,false,true,false,true,false,true,false,true,false,true,false,false,false,false,false,false,NotArmed,OnGround,StationFault,LowAltitude,Clear,Clear,Clear,MedKit,MedKit,WaterPack,WaterPack,Loaded,Loaded,Loaded,Loaded,5400,0,-90000,true,true,false,false,false,false,false,false,false,PhReady,Clear,ArmedAirborne,<none>
18,true,false,30,true,MedKit,false,false,true,1,true,1,true,3,true,3,1200,1200,1500,1500,false,false,false,false,false,false,false,false,true,true,true,true,false,true,false,true,false,true,false,true,false,true,false,true,false,true,false,false,false,false,false,false,NotArmed,OnGround,StationFault,LowAltitude,Clear,Clear,Clear,MedKit,MedKit,WaterPack,WaterPack,Loaded,Loaded,Loaded,Loaded,5400,0,-90000,true,true,false,false,false,false,false,false,false,PhReady,Clear,ArmedAirborne,<none>
19,true,false,30,false,MedKit,false,false,true,1,true,1,true,3,true,3,1200,1200,1500,1500,false,false,false,false,false,false,false,false,true,true,true,true,false,false,false,false,false,true,false,true,false,true,false,true,false,true,false,false,false,false,false,false,NotArmed,OnGround,StationFault,LowAltitude,Clear,Clear,Clear,MedKit,MedKit,WaterPack,WaterPack,Loaded,Loaded,Loaded,Loaded,5400,0,-90000,true,true,false,false,false,true,false,false,false,PhFiring,Clear,ArmedAirborne,<none>
20,true,false,30,true,MedKit,false,false,true,1,true,1,true,3,true,3,1200,1200,1500,1500,false,false,false,false,false,false,false,false,true,true,true,true,false,true,false,true,false,true,false,true,false,true,false,true,false,true,false,false,false,false,false,false,NotArmed,OnGround,StationFault,LowAltitude,Clear,Clear,Clear,MedKit,MedKit,WaterPack,WaterPack,Loaded,Loaded,Loaded,Loaded,5400,0,-90000,true,true,false,false,false,true,false,false,false,PhFiring,Clear,ArmedAirborne,<none>
21,true,false,30,false,MedKit,false,false,true,1,true,1,true,3,true,3,1200,1200,1500,1500,false,false,false,false,false,false,false,false,true,true,true,true,false,false,false,false,false,true,false,true,false,true,false,true,false,true,false,false,false,false,false,false,NotArmed,OnGround,StationFault,LowAltitude,Clear,Clear,Clear,MedKit,MedKit,WaterPack,WaterPack,Loaded,Loaded,Loaded,Loaded,5400,0,-90000,true,true,false,false,false,true,false,false,false,PhFiring,Clear,ArmedAirborne,<none>
22,true,false,30,false,MedKit,false,false,false,0,true,1,true,3,true,3,0,1200,1500,1500,false,false,false,false,false,false,false,false,false,true,true,true,false,false,false,false,false,true,false,true,false,true,false,true,false,true,true,false,false,false,false,true,NotArmed,OnGround,StationFault,LowAltitude,Clear,WouldUnbalance,Clear,Empty,MedKit,WaterPack,WaterPack,Vacant,Loaded,Loaded,Loaded,4200,240000,-270000,true,false,false,false,false,false,false,false,false,PhVerify,WouldUnbalance,ArmedAirborne,<none>
23,true,false,30,false,MedKit,false,false,false,0,true,1,true,3,true,3,0,1200,1500,1500,false,false,false,false,false,false,false,false,false,true,true,true,false,false,false,false,false,true,false,true,false,true,false,true,false,true,true,false,false,false,false,true,NotArmed,OnGround,StationFault,LowAltitude,Clear,WouldUnbalance,Clear,Empty,MedKit,WaterPack,WaterPack,Vacant,Loaded,Loaded,Loaded,4200,240000,-270000,true,false,false,false,false,false,false,false,false,PhReady,WouldUnbalance,ArmedAirborne,<none>
24,true,false,30,false,MedKit,false,false,false,0,true,1,true,3,true,3,0,1200,1500,1500,false,false,false,false,false,false,false,false,false,true,true,true,false,false,false,false,false,true,false,true,false,true,false,true,false,true,true,false,false,false,false,true,NotArmed,OnGround,StationFault,LowAltitude,Clear,WouldUnbalance,Clear,Empty,MedKit,WaterPack,WaterPack,Vacant,Loaded,Loaded,Loaded,4200,240000,-270000,true,false,false,false,false,false,false,false,false,PhReady,WouldUnbalance,ArmedAirborne,<none>
25,true,false,30,false,MedKit,false,false,false,0,true,1,true,3,true,3,0,1200,1500,1500,false,false,false,false,false,false,false,false,false,true,true,true,false,false,false,false,false,true,false,true,false,true,false,true,false,true,true,false,false,false,false,true,NotArmed,OnGround,StationFault,LowAltitude,Clear,WouldUnbalance,Clear,Empty,MedKit,WaterPack,WaterPack,Vacant,Loaded,Loaded,Loaded,4200,240000,-270000,true,false,false,false,false,false,false,false,false,PhReady,WouldUnbalance,ArmedAirborne,<none>
26,false,false,30,false,MedKit,false,false,false,0,true,1,true,3,true,3,0,1200,1500,1500,false,false,false,false,false,false,false,false,false,true,false,true,false,false,false,false,true,false,false,false,false,false,false,false,false,false,false,false,false,false,false,true,NotArmed,OnGround,StationFault,LowAltitude,Clear,WouldUnbalance,Clear,Empty,MedKit,WaterPack,WaterPack,Vacant,Loaded,Loaded,Loaded,4200,240000,-270000,true,false,false,false,false,false,false,false,false,PhReady,NotArmed,Disarmed,<none>
